<?xml version="1.0" encoding="UTF-8" standalone="yes"?>
<addon id="tools.mono"
       name="Mono"
       version="9.80.3.117"
       provider-name="thoradia">
  <requires>
    <import addon="os.libreelec.tv" version="9.80"/>
    <import addon="xbmc.python" version="3.0.0"/>

  </requires>
  <extension point="xbmc.service" library="default.py">
    <provides></provides>
  </extension>
  <extension point="xbmc.addon.metadata">
    <summary>Mono: a cross platform, open source .NET framework</summary>
    <description>
Mono (6.8.0.105) is a software platform designed to allow developers to easily create cross platform applications part of the .NET Foundation.
    </description>
    <disclaimer>
Keep it legal and carry on
    </disclaimer>
    <platform>all</platform>
    <news>
- Mono version 6.8.0.105
- Disable libraries, without compiler server
    </news>
    <assets>
      <icon>resources/icon.png</icon>
      <fanart>resources/fanart.png</fanart>

    </assets>
  </extension>
</addon>
