<?xml version="1.0" encoding="UTF-8" standalone="yes"?>
<addon id="service.medusa"
       name="Medusa"
       version="9.80.3.7"
       provider-name="thoradia">
  <requires>
    <import addon="os.libreelec.tv" version="9.80"/>
    <import addon="xbmc.python" version="3.0.0"/>

    <import addon="service.locale" version="0.0.0" />
    <import addon="tools.ffmpeg-tools" version="0.0.0" />
  </requires>
  <extension point="xbmc.service" library="default.py">
    <provides></provides>
  </extension>
  <extension point="xbmc.addon.metadata">
    <summary>Medusa: automatic video library manager for TV shows</summary>
    <description>
Medusa (0.3.12) watches for new episodes of your favorite shows, and when they are posted it does its magic.
    </description>
    <disclaimer>
Keep it legal and carry on
    </disclaimer>
    <platform>all</platform>
    <news>
- Medusa version 0.3.12
    </news>
    <assets>
      <icon>resources/icon.png</icon>
      <fanart>resources/fanart.png</fanart>

    </assets>
  </extension>
</addon>
