<?xml version="1.0" encoding="UTF-8" standalone="yes"?>
<addon id="service.transmission"
       name="Transmission"
       version="9.80.3.22"
       provider-name="thoradia">
  <requires>
    <import addon="os.libreelec.tv" version="9.80"/>
    <import addon="xbmc.python" version="3.0.0"/>

  </requires>
  <extension point="xbmc.service" library="default.py">
    <provides></provides>
  </extension>
  <extension point="xbmc.addon.metadata">
    <summary>Transmission: a fast, easy and free BitTorrent client</summary>
    <description>
Transmission (2.94) is a fast, easy and free BitTorrent client.
    </description>
    <disclaimer>
Keep it legal and carry on
    </disclaimer>
    <platform>all</platform>
    <news>
- Transmission version 2.94
    </news>
    <assets>
      <icon>resources/icon.png</icon>
      <fanart>resources/fanart.png</fanart>

    </assets>
  </extension>
</addon>
